rank	gene1	gene2	key	chrom	locus_start	locus_end	rel_start	rel_end	abs_start	abs_end	length_bp	gc_pct	obs_exp_cpg	n_cpg
1	SMIM27	TOPORS	SMIM27_TOPORS	chr9	32550561	32552586	0	789	32550561	32551350	789	66.67	0.8783	76
1	SMIM27	TOPORS	SMIM27_TOPORS	chr9	32550561	32552586	911	1301	32551472	32551862	390	49.23	0.9249	21
1	SMIM27	TOPORS	SMIM27_TOPORS	chr9	32550561	32552586	1558	2025	32552119	32552586	467	56.96	0.8772	33
2	CNOT8	FAXDC2	CNOT8_FAXDC2	chr5	154857448	154859252	0	1581	154857448	154859029	1581	62.68	0.8781	135
3	SEPTIN2	HDLBP	SEPTIN2_HDLBP	chr2	241314884	241317061	0	1835	241314884	241316719	1835	68.12	0.8232	175
4	RETREG2	CNPPD1	RETREG2_CNPPD1	chr2	219176224	219178289	179	1253	219176403	219177477	1074	68.06	0.8283	103
4	RETREG2	CNPPD1	RETREG2_CNPPD1	chr2	219176224	219178289	1457	2065	219177681	219178289	608	61.51	0.8375	48
5	TCP11L2	CKAP4	TCP11L2_CKAP4	chr12	106301928	106304279	0	1494	106301928	106303422	1494	67.47	0.7443	126
6	DECR1	NBN	DECR1_NBN	chr8	90000913	90003228	0	1344	90000913	90002257	1344	61.09	0.787	97
7	FAM120A	FAM120AOS	FAM120A_FAM120AOS	chr9	93451058	93453581	0	1753	93451058	93452811	1753	72.28	0.8721	198
7	FAM120A	FAM120AOS	FAM120A_FAM120AOS	chr9	93451058	93453581	1802	2305	93452860	93453363	503	52.68	0.664	23
8	MICOS10	CAPZB	MICOS10_CAPZB	chr1	19484402	19486150	0	263	19484402	19484665	263	69.58	0.6722	21
8	MICOS10	CAPZB	MICOS10_CAPZB	chr1	19484402	19486150	301	526	19484703	19484928	225	61.78	0.5769	10
8	MICOS10	CAPZB	MICOS10_CAPZB	chr1	19484402	19486150	843	1748	19485245	19486150	905	79.12	0.8262	117
9	AP4S1	STRN3	AP4S1_STRN3	chr14	31025105	31026850	383	1745	31025488	31026850	1362	68.21	0.7261	115
10	HNRNPH3	PBLD	HNRNPH3_PBLD	chr10	68331173	68333049	70	1822	68331243	68332995	1752	61.64	0.8314	138
11	KCNAB2	NPHP4	KCNAB2_NPHP4	chr1	5990926	5993346	245	2420	5991171	5993346	2175	68.78	0.8172	209
12	ZBTB1	ZBTB25	ZBTB1_ZBTB25	chr14	64503249	64505462	0	2213	64503249	64505462	2213	69.72	0.8496	227
13	DEXI	CLEC16A	DEXI_CLEC16A	chr16	10941639	10944906	0	1390	10941639	10943029	1390	66.26	0.8653	132
13	DEXI	CLEC16A	DEXI_CLEC16A	chr16	10941639	10944906	2570	3267	10944209	10944906	697	65.85	0.9939	75
14	RRAS	SCAF1	RRAS_SCAF1	chr19	49639966	49642507	0	787	49639966	49640753	787	65.18	0.8181	68
14	RRAS	SCAF1	RRAS_SCAF1	chr19	49639966	49642507	1107	2541	49641073	49642507	1434	61.79	0.8404	115
15	DDX42	CCDC47	DDX42_CCDC47	chr17	63773324	63776351	0	1574	63773324	63774898	1574	63.66	0.8784	140
15	DDX42	CCDC47	DDX42_CCDC47	chr17	63773324	63776351	2228	2430	63775552	63775754	202	50.0	0.6918	7
16	DCAF6	MPC2	DCAF6_MPC2	chr1	167935782	167937563	0	1781	167935782	167937563	1781	64.29	0.7513	138
17	HEXB	ENC1	HEXB_ENC1	chr5	74639900	74641726	0	1826	74639900	74641726	1826	65.06	0.8326	160
18	HADHB	HADHA	HADHB_HADHA	chr2	26243169	26245078	861	1909	26244030	26245078	1048	63.36	0.6722	70
19	PTMS	MLF2	PTMS_MLF2	chr12	6765515	6767757	0	229	6765515	6765744	229	53.28	0.6361	8
19	PTMS	MLF2	PTMS_MLF2	chr12	6765515	6767757	499	2242	6766014	6767757	1743	70.85	0.8738	183
20	USP20	C9orf78	USP20_C9orf78	chr9	129834697	129836042	165	1345	129834862	129836042	1180	67.29	0.8308	110
21	NDUFAF3	DALRD3	NDUFAF3_DALRD3	chr3	49020458	49022553	333	2095	49020791	49022553	1762	69.24	0.8382	177
22	NR1D2	NKIRAS1	NR1D2_NKIRAS1	chr3	23945160	23946591	0	1431	23945160	23946591	1431	74.56	0.9687	192
23	ARL6IP4	ABCB9	ARL6IP4_ABCB9	chr12	122980059	122981649	94	1382	122980153	122981441	1288	71.43	0.8412	136
24	FKRP	STRN4	FKRP_STRN4	chr19	46745984	46746994	0	852	46745984	46746836	852	76.88	0.8753	110
25	FRS3	TOMM6	FRS3_TOMM6	chr6	41786142	41787838	183	795	41786325	41786937	612	71.73	0.7115	56
25	FRS3	TOMM6	FRS3_TOMM6	chr6	41786142	41787838	921	1696	41787063	41787838	775	61.68	0.7747	57
26	TUBG1	RETREG3	TUBG1_RETREG3	chr17	42609041	42610623	0	868	42609041	42609909	868	65.9	0.8387	79
26	TUBG1	RETREG3	TUBG1_RETREG3	chr17	42609041	42610623	908	1294	42609949	42610335	386	64.77	0.5682	23
27	PSMB1	TBP	PSMB1_TBP	chr6	170553036	170554735	0	484	170553036	170553520	484	55.99	0.8964	34
27	PSMB1	TBP	PSMB1_TBP	chr6	170553036	170554735	997	1699	170554033	170554735	702	59.12	0.7989	49
28	ITSN1	CRYZL1	ITSN1_CRYZL1	chr21	33641570	33643926	0	516	33641570	33642086	516	59.11	0.8344	36
28	ITSN1	CRYZL1	ITSN1_CRYZL1	chr21	33641570	33643926	712	1980	33642282	33643550	1268	70.74	0.8938	140
29	MZT2B	SMPD4	MZT2B_SMPD4	chr2	130181267	130182773	0	1506	130181267	130182773	1506	70.12	0.8595	159
30	CEP95	DDX5	CEP95_DDX5	chr17	64505361	64508199	0	2219	64505361	64507580	2219	61.2	0.92	189
31	MYL5	ATP5ME	MYL5_ATP5ME	chr4	673484	674937	0	1453	673484	674937	1453	70.2	0.8239	147
32	SMIM19	SLC20A2	SMIM19_SLC20A2	chr8	42541092	42542052	0	960	42541092	42542052	960	75.42	1.0411	142
33	NOSIP	PRR12	NOSIP_PRR12	chr19	49590262	49592250	8	1988	49590270	49592250	1980	64.9	0.7356	153
34	GABPA	ATP5PF	GABPA_ATP5PF	chr21	25734503	25735900	0	1397	25734503	25735900	1397	66.0	0.7954	121
35	RDH10	RPL7	RDH10_RPL7	chr8	73293988	73295944	0	1956	73293988	73295944	1956	71.42	0.9046	224
36	SART3	ISCU	SART3_ISCU	chr12	108560719	108562983	0	630	108560719	108561349	630	58.89	0.838	44
36	SART3	ISCU	SART3_ISCU	chr12	108560719	108562983	654	896	108561373	108561615	242	50.83	0.7866	12
36	SART3	ISCU	SART3_ISCU	chr12	108560719	108562983	1242	2264	108561961	108562983	1022	61.15	0.9003	86
37	ZNF664	CCDC92	ZNF664_CCDC92	chr12	123971844	123974181	1	2337	123971845	123974181	2336	74.66	0.8189	265
38	AIP	TMEM134	AIP_TMEM134	chr11	67468173	67469482	536	1309	67468709	67469482	773	73.48	0.7476	78
39	MOB4	HSPD1	MOB4_HSPD1	chr2	197515570	197516737	14	880	197515584	197516450	866	65.82	0.8115	76
39	MOB4	HSPD1	MOB4_HSPD1	chr2	197515570	197516737	896	1114	197516466	197516684	218	61.93	0.5744	12
40	C1orf122	YRDC	C1orf122_YRDC	chr1	37806978	37808730	475	1752	37807453	37808730	1277	71.18	0.866	140
41	UTP4	CHTF8	UTP4_CHTF8	chr16	69131290	69133005	286	1715	69131576	69133005	1429	67.46	0.8767	132
42	HSPBAP1	SLC49A4	HSPBAP1_SLC49A4	chr3	122793638	122795630	0	680	122793638	122794318	680	56.76	0.8034	44
42	HSPBAP1	SLC49A4	HSPBAP1_SLC49A4	chr3	122793638	122795630	1129	1992	122794767	122795630	863	70.92	0.7769	84
43	REEP3	JMJD1C	REEP3_JMJD1C	chr10	63521110	63522270	0	1160	63521110	63522270	1160	74.22	0.8922	142
44	ZNRF1	WDR59	ZNRF1_WDR59	chr16	74998859	75000309	0	1450	74998859	75000309	1450	72.97	0.8809	170
45	GGPS1	ARID4B	GGPS1_ARID4B	chr1	235327023	235328845	0	1822	235327023	235328845	1822	65.97	0.8378	166
46	ATXN7	THOC7	ATXN7_THOC7	chr3	63863154	63864681	56	1527	63863210	63864681	1471	74.85	0.8883	183
47	ENO3	PFN1	ENO3_PFN1	chr17	4947647	4950612	0	1094	4947647	4948741	1094	68.28	0.8002	102
47	ENO3	PFN1	ENO3_PFN1	chr17	4947647	4950612	1127	2965	4948774	4950612	1838	67.3	0.7975	165
48	C12orf75	APPL2	C12orf75_APPL2	chr12	105235289	105236321	350	1032	105235639	105236321	682	74.05	0.8344	78
49	SPCS1	GLT8D1	SPCS1_GLT8D1	chr3	52704954	52706410	418	1456	52705372	52706410	1038	69.46	0.9095	113
50	TERF2IP	KARS1	TERF2IP_KARS1	chr16	75647366	75648681	0	1315	75647366	75648681	1315	67.45	0.8765	131
51	ADPRM	SCO1	ADPRM_SCO1	chr17	10697108	10698375	0	955	10697108	10698063	955	65.34	0.8248	84
52	UNK	H3-3B	UNK_H3-3B	chr17	75784765	75785893	0	500	75784765	75785265	500	71.2	0.8855	56
52	UNK	H3-3B	UNK_H3-3B	chr17	75784765	75785893	548	935	75785313	75785700	387	53.75	0.5759	16
53	TSR1	SGSM2	TSR1_SGSM2	chr17	2336336	2338253	0	1917	2336336	2338253	1917	70.53	0.8863	211
54	ACTR1A	SUFU	ACTR1A_SUFU	chr10	102502467	102504398	0	479	102502467	102502946	479	59.29	0.8087	34
54	ACTR1A	SUFU	ACTR1A_SUFU	chr10	102502467	102504398	1338	1931	102503805	102504398	593	70.66	0.8091	59
55	CSNK2B	GPANK1	CSNK2B_GPANK1	chr6	31665038	31666316	0	1278	31665038	31666316	1278	62.13	0.7618	93
56	ATRAID	SLC5A6	ATRAID_SLC5A6	chr2	27211564	27212958	0	1239	27211564	27212803	1239	66.99	0.8754	121
57	SPRTN	EXOC8	SPRTN_EXOC8	chr1	231337103	231338636	0	1533	231337103	231338636	1533	62.56	0.867	130
58	TCTA	RHOA	TCTA_RHOA	chr3	49411428	49412998	0	1433	49411428	49412861	1433	68.04	0.8959	148
59	NEMP1	NAB2	NEMP1_NAB2	chr12	57087014	57089333	0	841	57087014	57087855	841	69.56	0.6213	63
59	NEMP1	NAB2	NEMP1_NAB2	chr12	57087014	57089333	870	2319	57087884	57089333	1449	67.43	0.7609	125
60	DAP3	YY1AP1	DAP3_YY1AP1	chr1	155687959	155689334	0	1375	155687959	155689334	1375	67.49	0.8329	130
61	CAPZA1	ST7L	CAPZA1_ST7L	chr1	112618969	112620825	0	1287	112618969	112620256	1287	59.44	0.7748	88
62	TRMT112	PRDX5	TRMT112_PRDX5	chr11	64317174	64318585	0	1411	64317174	64318585	1411	62.65	0.8097	112
63	FAF1	CDKN2C	FAF1_CDKN2C	chr1	50959775	50960744	0	790	50959775	50960565	790	69.75	0.9999	96
64	RAD17	AK6	RAD17_AK6	chr5	69369260	69370039	0	779	69369260	69370039	779	67.78	0.8554	76
65	TOP3A	SMCR8	TOP3A_SMCR8	chr17	18314507	18315742	0	1235	18314507	18315742	1235	64.29	0.9207	117
66	RNF31	PSME2	RNF31_PSME2	chr14	24146682	24147906	109	1224	24146791	24147906	1115	67.26	0.6552	80
67	SF3A2	PLEKHJ1	SF3A2_PLEKHJ1	chr19	2235682	2237704	0	2022	2235682	2237704	2022	66.22	0.8527	189
68	SQSTM1	MGAT4B	SQSTM1_MGAT4B	chr5	179805532	179807595	127	2063	179805659	179807595	1936	76.7	0.8011	226
69	C1orf54	APH1A	C1orf54_APH1A	chr1	150268199	150269580	58	1225	150268257	150269424	1167	59.9	0.6789	71
70	INPP1	HIBCH	INPP1_HIBCH	chr2	190343569	190344274	0	705	190343569	190344274	705	75.89	0.9823	99
71	SAFB	SAFB2	SAFB_SAFB2	chr19	5622237	5624046	0	1800	5622237	5624037	1800	66.22	0.9632	190
72	ANAPC11	ALYREF	ANAPC11_ALYREF	chr17	81890636	81892105	0	1469	81890636	81892105	1469	72.09	1.01	192
73	EXOSC7	ZDHHC3	EXOSC7_ZDHHC3	chr3	44975240	44976644	0	383	44975240	44975623	383	60.31	0.6331	22
73	EXOSC7	ZDHHC3	EXOSC7_ZDHHC3	chr3	44975240	44976644	403	1404	44975643	44976644	1001	66.33	0.8632	95
74	TBC1D17	PNKP	TBC1D17_PNKP	chr19	49876139	49878351	0	2212	49876139	49878351	2212	62.25	0.7564	160
75	MFSD11	SRSF2	MFSD11_SRSF2	chr17	76735864	76738140	208	2276	76736072	76738140	2068	67.94	1.0161	242
76	NAA15	NDUFC1	NAA15_NDUFC1	chr4	139301272	139302551	0	1254	139301272	139302526	1254	62.52	0.7843	96
77	UBQLN4	LAMTOR2	UBQLN4_LAMTOR2	chr1	156053171	156054849	0	1678	156053171	156054849	1678	66.45	0.748	133
78	IK	NDUFA2	IK_NDUFA2	chr5	140647057	140647919	0	862	140647057	140647919	862	58.0	0.9243	67
79	CRIPT	PIGF	CRIPT_PIGF	chr2	46616415	46617193	0	778	46616415	46617193	778	65.04	0.7882	64
80	ROM1	EML3	ROM1_EML3	chr11	62611721	62613084	107	1363	62611828	62613084	1256	71.02	0.74	116
81	ABCE1	ANAPC10	ABCE1_ANAPC10	chr4	145098011	145098674	0	663	145098011	145098674	663	60.78	0.9639	59
82	LPXN	ZFP91	LPXN_ZFP91	chr11	58578200	58579848	0	1648	58578200	58579848	1648	65.47	0.8672	153
83	PFKM	SENP1	PFKM_SENP1	chr12	48105138	48106449	303	1311	48105441	48106449	1008	61.61	0.7743	74
84	RPA1	SMYD4	RPA1_SMYD4	chr17	1829591	1830634	0	862	1829591	1830453	862	67.52	0.937	92
85	CEP63	ANAPC13	CEP63_ANAPC13	chr3	134485678	134486716	0	1038	134485678	134486716	1038	65.99	0.8231	93
86	PNKD	AAMP	PNKD_AAMP	chr2	218269650	218270670	242	1020	218269892	218270670	778	64.91	0.799	65
87	WDR25	WARS1	WDR25_WARS1	chr14	100376002	100376805	0	763	100376002	100376765	763	65.79	0.8964	74
88	CEP170	SDCCAG8	CEP170_SDCCAG8	chr1	243254439	243256033	0	1211	243254439	243255650	1211	64.91	0.8939	114
89	S100PBP	YARS1	S100PBP_YARS1	chr1	32816766	32818305	207	1539	32816973	32818305	1332	67.72	0.7015	106
90	STS	PUDP	STS_PUDP	chrX	7147236	7148447	255	1211	7147491	7148447	956	72.18	0.9835	122
91	SHLD2	GLUD1	SHLD2_GLUD1	chr10	87094000	87095741	0	1741	87094000	87095741	1741	72.49	0.8645	195
92	WASF1	CDC40	WASF1_CDC40	chr6	110178822	110180618	0	1074	110178822	110179896	1074	68.81	0.8519	107
92	WASF1	CDC40	WASF1_CDC40	chr6	110178822	110180618	1122	1447	110179944	110180269	325	51.08	0.6609	14
92	WASF1	CDC40	WASF1_CDC40	chr6	110178822	110180618	1491	1796	110180313	110180618	305	53.44	0.8268	18
93	MSH3	DHFR	MSH3_DHFR	chr5	80654184	80655054	0	870	80654184	80655054	870	71.38	0.8078	89
94	NACC1	TRMT1	NACC1_TRMT1	chr19	13116083	13117567	0	913	13116083	13116996	913	59.26	0.7738	62
95	BCS1L	ZNF142	BCS1L_ZNF142	chr2	218658763	218659854	150	1091	218658913	218659854	941	64.19	0.6919	67
96	HCFC1	TMEM187	HCFC1_TMEM187	chrX	153970620	153973029	0	2409	153970620	153973029	2409	69.57	0.9475	274
97	BROX	AIDA	BROX_AIDA	chr1	222711984	222713210	0	1026	222711984	222713010	1026	63.06	0.7923	80
98	THAP6	RCHY1	THAP6_RCHY1	chr4	75513945	75514793	131	848	75514076	75514793	717	62.76	0.8478	59
99	CUL4A	PCID2	CUL4A_PCID2	chr13	113208048	113210203	0	2155	113208048	113210203	2155	74.76	0.9125	274
100	DNAAF5	PRKAR1B	DNAAF5_PRKAR1B	chr7	726448	727650	0	1202	726448	727650	1202	75.96	0.8515	144
101	ELP5	CTDNEP1	ELP5_CTDNEP1	chr17	7251105	7252807	0	1702	7251105	7252807	1702	67.86	0.7162	138
102	CDC42SE1	GABPB2	CDC42SE1_GABPB2	chr1	151070325	151071095	0	770	151070325	151071095	770	57.53	0.7848	50
103	SLC4A2	CDK5	SLC4A2_CDK5	chr7	151057209	151058339	181	1130	151057390	151058339	949	61.33	0.7398	65
104	TMEM8B	HINT2	TMEM8B_HINT2	chr9	35814450	35815354	130	857	35814580	35815307	727	66.44	0.769	61
105	TMEM63B	MRPL14	TMEM63B_MRPL14	chr6	44126913	44128397	0	1484	44126913	44128397	1484	71.7	0.768	144
106	CREM	CUL2	CREM_CUL2	chr10	35126560	35127757	0	1197	35126560	35127757	1197	69.59	0.9249	134
107	CEPT1	DRAM2	CEPT1_DRAM2	chr1	111139478	111140681	24	1203	111139502	111140681	1179	64.55	0.7972	97
108	NMRK1	OSTF1	NMRK1_OSTF1	chr9	75087969	75088903	0	934	75087969	75088903	934	71.95	0.9349	113
109	COMT	TXNRD2	COMT_TXNRD2	chr22	19941370	19941945	94	575	19941464	19941945	481	74.01	0.8589	56
110	DOT1L	AP3D1	DOT1L_AP3D1	chr19	2163633	2165604	0	1971	2163633	2165604	1971	70.73	0.9016	222
111	TXNDC12	BTF3L4	TXNDC12_BTF3L4	chr1	52055074	52056624	0	671	52055074	52055745	671	57.97	0.801	45
111	TXNDC12	BTF3L4	TXNDC12_BTF3L4	chr1	52055074	52056624	890	1550	52055964	52056624	660	64.55	0.8464	58
112	RO60	UCHL5	RO60_UCHL5	chr1	193059091	193060141	0	1050	193059091	193060141	1050	66.95	0.8062	94
113	MORC2	TUG1	MORC2_TUG1	chr22	30968578	30969589	0	1011	30968578	30969589	1011	68.94	1.0025	118
114	ATF5	NUP62	ATF5_NUP62	chr19	49928701	49929881	255	1180	49928956	49929881	925	66.16	0.8004	81
115	HIF1AN	NDUFB8	HIF1AN_NDUFB8	chr10	100529071	100530000	171	929	100529242	100530000	758	60.29	0.7505	51
116	DCAF13	SLC25A32	DCAF13_SLC25A32	chr8	103414666	103415595	0	929	103414666	103415595	929	63.83	1.0388	98
117	MAP3K12	TARBP2	MAP3K12_TARBP2	chr12	53499411	53501529	0	525	53499411	53499936	525	70.1	0.6836	42
117	MAP3K12	TARBP2	MAP3K12_TARBP2	chr12	53499411	53501529	1209	2118	53500620	53501529	909	64.25	0.8436	79
118	OGFOD1	NUDT21	OGFOD1_NUDT21	chr16	56450953	56452199	0	1011	56450953	56451964	1011	61.92	0.7836	74
119	PCMT1	NUP43	PCMT1_NUP43	chr6	149749377	149750149	0	772	149749377	149750149	772	70.34	0.9636	92
120	COX4I1	EMC8	COX4I1_EMC8	chr16	85798632	85800236	113	1604	85798745	85800236	1491	69.01	0.8349	148
121	SURF2	SURF1	SURF2_SURF1	chr9	133356273	133357090	0	817	133356273	133357090	817	75.03	0.8299	95
122	RPAIN	NUP88	RPAIN_NUP88	chr17	5419187	5420396	0	1209	5419187	5420396	1209	61.12	0.8418	95
123	PDHX	APIP	PDHX_APIP	chr11	34915781	34916833	0	1052	34915781	34916833	1052	67.59	0.816	98
124	BTD	HACL1	BTD_HACL1	chr3	15601263	15602074	0	811	15601263	15602074	811	60.91	0.9315	70
125	FAM216A	GPN3	FAM216A_GPN3	chr12	110468074	110469378	0	1304	110468074	110469378	1304	64.65	0.8527	116
126	MAPK7	B9D1	MAPK7_B9D1	chr17	19377687	19379228	0	1541	19377687	19379228	1541	66.97	0.7551	130
127	SIGMAR1	GALT	SIGMAR1_GALT	chr9	34637203	34638132	0	929	34637203	34638132	929	69.54	0.8017	90
128	TOE1	MUTYH	TOE1_MUTYH	chr1	45339892	45340893	0	764	45339892	45340656	764	63.74	0.8914	69
129	TRAPPC6A	BLOC1S3	TRAPPC6A_BLOC1S3	chr19	45178065	45179898	0	1833	45178065	45179898	1833	65.58	0.8483	167
130	PEX1	RBM48	PEX1_RBM48	chr7	92528173	92529091	0	918	92528173	92529091	918	63.51	0.9728	90
131	NKTR	SEC22C	NKTR_SEC22C	chr3	42600352	42601113	0	761	42600352	42601113	761	69.25	0.8988	82
132	EPM2AIP1	MLH1	EPM2AIP1_MLH1	chr3	36992737	36993865	0	1128	36992737	36993865	1128	60.28	0.9075	93
133	MRPS7	GGA3	MRPS7_GGA3	chr17	75261099	75262363	0	1235	75261099	75262334	1235	65.34	0.7881	103
134	EXTL2	SLC30A7	EXTL2_SLC30A7	chr1	100895032	100896252	0	308	100895032	100895340	308	57.79	0.8572	22
134	EXTL2	SLC30A7	EXTL2_SLC30A7	chr1	100895032	100896252	338	1220	100895370	100896252	882	60.2	0.7515	60
135	ABHD18	MFSD8	ABHD18_MFSD8	chr4	127964849	127966034	0	1161	127964849	127966010	1161	65.29	0.8085	100
136	TYW1	SBDS	TYW1_SBDS	chr7	66995125	66995816	0	691	66995125	66995816	691	61.94	0.9511	63
137	TOB2	ACO2	TOB2_ACO2	chr22	41446253	41447915	0	1662	41446253	41447915	1662	69.74	0.876	177
138	SAE1	ZC3H4	SAE1_ZC3H4	chr19	47112698	47113844	0	1146	47112698	47113844	1146	62.22	0.8771	90
139	NCDN	KIAA0319L	NCDN_KIAA0319L	chr1	35557079	35558233	0	1154	35557079	35558233	1154	66.72	0.7578	96
140	UBAP2L	C1orf43	UBAP2L_C1orf43	chr1	154220178	154221312	52	1134	154220230	154221312	1082	67.1	0.8528	103
141	KLHL2	TMEM192	KLHL2_TMEM192	chr4	165207233	165208549	0	1003	165207233	165208236	1003	74.18	1.0274	141
142	SWI5	GOLGA2	SWI5_GOLGA2	chr9	128275312	128276416	0	1104	128275312	128276416	1104	67.75	0.7372	91
143	CLCN6	MTHFR	CLCN6_MTHFR	chr1	11805405	11806509	0	1104	11805405	11806509	1104	69.93	0.6962	93
144	MBTD1	UTP18	MBTD1_UTP18	chr17	51259741	51261222	8	1481	51259749	51261222	1473	68.23	0.8726	149
145	HMGXB3	TIGD6	HMGXB3_TIGD6	chr5	150000045	150001239	68	1194	150000113	150001239	1126	66.61	0.8729	109
146	BABAM2	RBKS	BABAM2_RBKS	chr2	27889940	27890897	88	957	27890028	27890897	869	65.71	0.8742	81
147	KLHL18	KIF9	KLHL18_KIF9	chr3	47282257	47283451	0	1082	47282257	47283339	1082	64.33	0.9383	102
148	ANKIB1	KRIT1	ANKIB1_KRIT1	chr7	92245467	92246537	0	1070	92245467	92246537	1070	67.57	0.7374	90
149	MUS81	CFL1	MUS81_CFL1	chr11	65857024	65862026	0	1597	65857024	65858621	1597	69.0	0.972	184
149	MUS81	CFL1	MUS81_CFL1	chr11	65857024	65862026	2061	4411	65859085	65861435	2350	63.19	0.6575	153
150	PRIMPOL	CASP3	PRIMPOL_CASP3	chr4	184648807	184650062	0	1147	184648807	184649954	1147	72.89	0.808	118
151	SEC61A1	MGLL	SEC61A1_MGLL	chr3	128051640	128052781	106	1141	128051746	128052781	1035	69.95	0.9296	117
152	LYRM1	ERI2	LYRM1_ERI2	chr16	20899867	20901294	182	1427	20900049	20901294	1245	64.98	0.7001	92
153	KLC1	BAG5	KLC1_BAG5	chr14	103561895	103563334	0	1439	103561895	103563334	1439	71.51	0.8878	163
154	EEF1AKMT3	METTL1	EEF1AKMT3_METTL1	chr12	57771491	57772958	176	770	57771667	57772261	594	58.75	0.6589	33
154	EEF1AKMT3	METTL1	EEF1AKMT3_METTL1	chr12	57771491	57772958	887	1467	57772378	57772958	580	66.9	0.788	51
155	IDI1	WDR37	IDI1_WDR37	chr10	1048397	1049654	0	1257	1048397	1049654	1257	67.14	0.9874	138
156	VMP1	PTRH2	VMP1_PTRH2	chr17	59707191	59707747	6	556	59707197	59707747	550	56.73	0.817	36
157	ASB7	LINS1	ASB7_LINS1	chr15	100601770	100603230	0	800	100601770	100602570	800	61.12	0.7177	53
157	ASB7	LINS1	ASB7_LINS1	chr15	100601770	100603230	812	1289	100602582	100603059	477	66.88	0.5251	28
158	PRORP	PPP2R3C	PRORP_PPP2R3C	chr14	35121845	35122797	0	952	35121845	35122797	952	56.41	0.8762	66
159	PEAK1	HMG20A	PEAK1_HMG20A	chr15	77419283	77420411	0	1128	77419283	77420411	1128	73.58	0.9468	143
160	TLN1	CREB3	TLN1_CREB3	chr9	35731813	35732760	0	947	35731813	35732760	947	70.33	0.7647	89
161	COQ6	FAM161B	COQ6_FAM161B	chr14	73949925	73950655	4	730	73949929	73950655	726	65.15	0.779	60
162	ANKMY2	BZW2	ANKMY2_BZW2	chr7	16644614	16646739	0	2125	16644614	16646739	2125	62.64	0.7582	158
163	MIS12	DERL2	MIS12_DERL2	chr17	5486070	5486963	0	893	5486070	5486963	893	65.17	0.8935	84
164	BET1L	RIC8A	BET1L_RIC8A	chr11	206975	209225	0	2250	206975	209225	2250	66.4	0.8069	200
165	INO80E	HIRIP3	INO80E_HIRIP3	chr16	29995257	29996553	0	1296	29995257	29996553	1296	63.81	0.895	118
166	CSNK1A1	ARHGEF37	CSNK1A1_ARHGEF37	chr5	149550686	149551946	0	1251	149550686	149551937	1251	62.27	0.8414	102
167	HNRNPUL2	TTC9C	HNRNPUL2_TTC9C	chr11	62726522	62728068	0	1513	62726522	62728035	1513	67.02	0.9724	160
168	SNAP29	PI4KA	SNAP29_PI4KA	chr22	20858422	20859417	0	995	20858422	20859417	995	72.36	0.9077	118
169	LRRC8A	KYAT1	LRRC8A_KYAT1	chr9	128881632	128882494	0	862	128881632	128882494	862	69.03	0.8476	87
170	NCAPD2	MRPL51	NCAPD2_MRPL51	chr12	6493194	6494140	0	396	6493194	6493590	396	58.84	0.8274	27
170	NCAPD2	MRPL51	NCAPD2_MRPL51	chr12	6493194	6494140	412	946	6493606	6494140	534	62.92	0.8592	45
171	MED19	TMX2	MED19_TMX2	chr11	57712014	57712836	0	380	57712014	57712394	380	61.32	0.8121	29
171	MED19	TMX2	MED19_TMX2	chr11	57712014	57712836	390	822	57712404	57712836	432	55.32	1.1209	37
172	SELENOT	SERP1	SELENOT_SERP1	chr3	150602874	150604004	200	1130	150603074	150604004	930	62.58	0.8023	73
173	POLK	CERT1	POLK_CERT1	chr5	75510756	75512149	0	1393	75510756	75512149	1393	66.12	0.8378	126
174	UTP23	EIF3H	UTP23_EIF3H	chr8	116766248	116766925	0	677	116766248	116766925	677	61.45	0.8949	57
175	PTGR3	TSHZ1	PTGR3_TSHZ1	chr18	75207959	75212227	0	1982	75207959	75209941	1982	68.16	0.8776	202
175	PTGR3	TSHZ1	PTGR3_TSHZ1	chr18	75207959	75212227	2767	2972	75210726	75210931	205	53.17	0.5828	8
175	PTGR3	TSHZ1	PTGR3_TSHZ1	chr18	75207959	75212227	3012	4268	75210971	75212227	1256	71.97	1.0174	164
176	SON	GART	SON_GART	chr21	33541997	33543491	0	1494	33541997	33543491	1494	60.24	0.8322	112
177	ATXN1L	AP1G1	ATXN1L_AP1G1	chr16	71808020	71809201	83	1181	71808103	71809201	1098	59.2	0.8735	84
178	SESN1	CEP57L1	SESN1_CEP57L1	chr6	109094357	109095544	0	1187	109094357	109095544	1187	65.63	0.8725	111
179	TOX4	RAB2B	TOX4_RAB2B	chr14	21476596	21477653	0	1057	21476596	21477653	1057	61.78	0.7253	73
180	DCAF17	METTL8	DCAF17_METTL8	chr2	171433854	171434802	0	948	171433854	171434802	948	72.15	0.8441	104
181	RAD52	ERC1	RAD52_ERC1	chr12	990053	991136	251	1083	990304	991136	832	63.7	0.9732	82
182	VTI1A	ZDHHC6	VTI1A_ZDHHC6	chr10	112446846	112447572	0	726	112446846	112447572	726	61.16	0.8546	58
183	TPMT	KDM1B	TPMT_KDM1B	chr6	18154964	18156123	0	1159	18154964	18156123	1159	70.49	0.9003	129
184	KAT7	FAM117A	KAT7_FAM117A	chr17	49788612	49789362	0	750	49788612	49789362	750	63.6	0.8841	67
185	ABHD3	MIB1	ABHD3_MIB1	chr18	21704204	21705091	0	887	21704204	21705091	887	73.17	0.8846	105
186	SELENOF	HS2ST1	SELENOF_HS2ST1	chr1	86914424	86915531	0	1107	86914424	86915531	1107	65.22	0.9199	102
187	PGM1	ITGB3BP	PGM1_ITGB3BP	chr1	63593266	63594242	0	976	63593266	63594242	976	70.49	0.8657	104
188	CBX3	HNRNPA2B1	CBX3_HNRNPA2B1	chr7	26199798	26202442	0	2644	26199798	26202442	2644	65.36	0.9386	263
189	TRMT1L	SWT1	TRMT1L_SWT1	chr1	185156718	185157573	0	855	185156718	185157573	855	65.38	0.817	73
190	MEPCE	ZCWPW1	MEPCE_ZCWPW1	chr7	100428181	100430379	0	2198	100428181	100430379	2198	64.7	0.8725	199
191	TMEM60	PHTF2	TMEM60_PHTF2	chr7	77798014	77799533	0	1519	77798014	77799533	1519	65.31	0.8583	139
192	MASTL	YME1L1	MASTL_YME1L1	chr10	27154101	27155565	0	1464	27154101	27155565	1464	58.27	0.8295	103
193	FGD6	VEZT	FGD6_VEZT	chr12	95217058	95218221	0	1163	95217058	95218221	1163	65.61	0.9429	118
194	ARPC4	TADA3	ARPC4_TADA3	chr3	9792308	9793301	0	993	9792308	9793301	993	66.77	0.7995	86
195	ZGPAT	ARFRP1	ZGPAT_ARFRP1	chr20	63707307	63708922	0	1615	63707307	63708922	1615	73.5	0.8485	185
196	GANC	TMEM87A	GANC_TMEM87A	chr15	42273200	42274206	0	1006	42273200	42274206	1006	56.66	0.7447	60
197	CEP57	FAM76B	CEP57_FAM76B	chr11	95789296	95790879	0	1583	95789296	95790879	1583	63.04	0.867	135
198	ST13	XPNPEP3	ST13_XPNPEP3	chr22	40856142	40857236	0	1094	40856142	40857236	1094	63.99	0.7943	88
199	FBXO42	SZRD1	FBXO42_SZRD1	chr1	16352079	16352697	0	618	16352079	16352697	618	73.14	0.8954	74
200	PHF13	KLHL21	PHF13_KLHL21	chr1	6612726	6615681	0	2955	6612726	6615681	2955	73.94	0.8755	346
201	DCUN1D2	TMCO3	DCUN1D2_TMCO3	chr13	113490163	113491310	0	1147	113490163	113491310	1147	77.51	0.9039	152
202	NAA50	ATP6V1A	NAA50_ATP6V1A	chr3	113745590	113746769	0	903	113745590	113746493	903	67.77	0.8767	85
203	PCNA	CDS2	PCNA_CDS2	chr20	5126556	5127440	0	884	5126556	5127440	884	72.85	0.9405	110
204	DIDO1	GID8	DIDO1_GID8	chr20	62937457	62938564	0	1107	62937457	62938564	1107	73.89	0.9086	137
205	FIG4	AK9	FIG4_AK9	chr6	109690386	109691566	0	1180	109690386	109691566	1180	57.54	0.7269	71
206	MAP7D1	TRAPPC3	MAP7D1_TRAPPC3	chr1	36155578	36156709	126	1131	36155704	36156709	1005	75.52	0.8879	127
207	SEC24A	SAR1B	SEC24A_SAR1B	chr5	134648481	134649304	0	823	134648481	134649304	823	67.8	0.8142	77
208	NR1H3	ACP2	NR1H3_ACP2	chr11	47248299	47249082	238	783	47248537	47249082	545	61.47	0.7776	40
209	DHX29	MTREX	DHX29_MTREX	chr5	55307381	55308076	0	695	55307381	55308076	695	62.3	0.9051	61
210	LYRM4	FARS2	LYRM4_FARS2	chr6	5260497	5261702	0	1205	5260497	5261702	1205	66.72	0.8732	117
211	KIAA0753	TXNDC17	KIAA0753_TXNDC17	chr17	6640034	6641243	0	1209	6640034	6641243	1209	66.34	0.7552	99
212	TFB2M	CNST	TFB2M_CNST	chr1	246565905	246566974	0	1069	246565905	246566974	1069	64.64	0.8648	96
213	SUGP1	MAU2	SUGP1_MAU2	chr19	19320157	19321385	0	1228	19320157	19321385	1228	65.96	0.8536	114
214	HTRA2	AUP1	HTRA2_AUP1	chr2	74529096	74530803	0	1707	74529096	74530803	1707	66.73	0.809	153
215	ZNHIT1	PLOD3	ZNHIT1_PLOD3	chr7	101217016	101218420	0	858	101217016	101217874	858	71.1	0.6663	71
215	ZNHIT1	PLOD3	ZNHIT1_PLOD3	chr7	101217016	101218420	915	1351	101217931	101218367	436	51.38	0.7696	22
216	DNAAF10	PNO1	DNAAF10_PNO1	chr2	68157052	68158109	0	1057	68157052	68158109	1057	59.22	0.7552	70
217	KLHL22	MED15	KLHL22_MED15	chr22	20495072	20496117	0	1045	20495072	20496117	1045	76.08	0.9061	137
218	RBM7	C11orf71	RBM7_C11orf71	chr11	114400029	114400968	0	939	114400029	114400968	939	62.51	0.9631	88
219	ARHGAP1	ZNF408	ARHGAP1_ZNF408	chr11	46700429	46701029	0	551	46700429	46700980	551	61.34	0.7489	35
220	AP3M1	ADK	AP3M1_ADK	chr10	74150842	74151722	78	880	74150920	74151722	802	63.84	0.6849	54
221	HGS	ARL16	HGS_ARL16	chr17	81683164	81684417	0	1253	81683164	81684417	1253	71.11	0.9628	152
222	EFCAB11	TDP1	EFCAB11_TDP1	chr14	89954556	89954938	0	382	89954556	89954938	382	63.61	0.7804	28
223	PTPN11	RPL6	PTPN11_RPL6	chr12	112418350	112419439	0	1089	112418350	112419439	1089	69.42	0.9093	119
224	SLBP	TACC3	SLBP_TACC3	chr4	1711540	1713253	0	1713	1711540	1713253	1713	71.69	0.9419	207
225	TIPIN	MAP2K1	TIPIN_MAP2K1	chr15	66386557	66387625	0	1068	66386557	66387625	1068	71.25	0.8732	118
226	SRR	SMG6	SRR_SMG6	chr17	2303223	2304085	0	862	2303223	2304085	862	74.83	0.8881	106
227	TMEM127	CIAO1	TMEM127_CIAO1	chr2	96265121	96266553	0	1432	96265121	96266553	1432	72.07	0.7982	148
228	NDUFB9	TATDN1	NDUFB9_TATDN1	chr8	124538970	124539458	0	483	124538970	124539453	483	63.35	0.8477	41
229	DHCR7	NADSYN1	DHCR7_NADSYN1	chr11	71452868	71453634	0	766	71452868	71453634	766	67.1	0.7517	63
230	ZNF276	VPS9D1	ZNF276_VPS9D1	chr16	89720399	89722681	0	2282	89720399	89722681	2282	73.84	0.9099	283
231	SLC4A1AP	SUPT7L	SLC4A1AP_SUPT7L	chr2	27663392	27664543	0	813	27663392	27664205	813	58.79	0.8116	57
231	SLC4A1AP	SUPT7L	SLC4A1AP_SUPT7L	chr2	27663392	27664543	830	1151	27664222	27664543	321	60.75	0.7114	21
232	RPS25	TRAPPC4	RPS25_TRAPPC4	chr11	119018168	119019405	0	1237	119018168	119019405	1237	59.82	0.8293	91
233	ASH1L	MSTO1	ASH1L_MSTO1	chr1	155562495	155563489	0	994	155562495	155563489	994	70.22	0.9036	107
234	AP4M1	MCM7	AP4M1_MCM7	chr7	100100550	100102023	0	1473	100100550	100102023	1473	68.91	0.8501	148
235	TMEM138	CYB561A3	TMEM138_CYB561A3	chr11	61361749	61362407	0	658	61361749	61362407	658	66.11	0.8498	61
236	NSUN3	DHFR2	NSUN3_DHFR2	chr3	94062804	94063389	0	585	94062804	94063389	585	54.36	0.8795	38
237	LRR1	RPS29	LRR1_RPS29	chr14	49598466	49600147	0	1681	49598466	49600147	1681	65.79	0.9022	164
238	ARPC5	RGL1	ARPC5_RGL1	chr1	183635148	183636198	0	1050	183635148	183636198	1050	68.0	0.8326	101
239	BBIP1	SHOC2	BBIP1_SHOC2	chr10	110918549	110920136	0	1587	110918549	110920136	1587	67.3	0.8184	145
240	PMS1	ORMDL1	PMS1_ORMDL1	chr2	189783840	189784758	0	918	189783840	189784758	918	68.41	0.9615	103
241	ING1	CARS2	ING1_CARS2	chr13	110712371	110716183	0	3812	110712371	110716183	3812	67.34	0.8728	372
242	COPE	DDX49	COPE_DDX49	chr19	18919115	18919844	0	729	18919115	18919844	729	61.59	1.0302	71
243	TSTD2	NCBP1	TSTD2_NCBP1	chr9	97633058	97634132	0	1074	97633058	97634132	1074	67.97	0.9353	116
244	POLR3C	RNF115	POLR3C_RNF115	chr1	145823593	145824433	0	840	145823593	145824433	840	65.48	0.9663	87
245	SNX5	MGME1	SNX5_MGME1	chr20	17968112	17969365	0	1253	17968112	17969365	1253	67.52	0.9034	129
246	CAB39L	SETDB2	CAB39L_SETDB2	chr13	49443985	49444602	0	617	49443985	49444602	617	65.96	0.8579	57
247	TBC1D31	DERL1	TBC1D31_DERL1	chr8	123041817	123042493	0	676	123041817	123042493	676	66.42	1.0466	78
248	UROS	BCCIP	UROS_BCCIP	chr10	125822760	125823628	0	868	125822760	125823628	868	67.86	0.836	83
249	CCDC115	IMP4	CCDC115_IMP4	chr2	130341896	130343290	0	332	130341896	130342228	332	64.16	0.7324	24
249	CCDC115	IMP4	CCDC115_IMP4	chr2	130341896	130343290	360	1394	130342256	130343290	1034	58.32	0.8326	72
250	ATAD2B	UBXN2A	ATAD2B_UBXN2A	chr2	23926386	23927484	0	1098	23926386	23927484	1098	72.31	0.8501	122
251	BAG1	CHMP5	BAG1_CHMP5	chr9	33263783	33265120	0	1337	33263783	33265120	1337	64.32	0.8819	119
252	RPS28	NDUFA7	RPS28_NDUFA7	chr19	8321157	8322088	0	931	8321157	8322088	931	64.45	0.8285	80
253	UCK2	TMCO1	UCK2_TMCO1	chr1	165827416	165828446	0	1030	165827416	165828446	1030	73.4	0.9661	133
254	RPL36AL	MGAT2	RPL36AL_MGAT2	chr14	49620237	49621543	0	1306	49620237	49621543	1306	66.54	0.9414	136
255	MED20	BYSL	MED20_BYSL	chr6	41921130	41921825	0	695	41921130	41921825	695	62.3	0.9119	61
256	ADAM9	TM2D2	ADAM9_TM2D2	chr8	38996181	38997597	0	1416	38996181	38997597	1416	68.5	0.9151	152
257	GTF3C4	DDX31	GTF3C4_DDX31	chr9	132669656	132671075	0	1419	132669656	132671075	1419	68.85	0.8865	149
258	MRRF	RBM18	MRRF_RBM18	chr9	122264536	122264971	0	435	122264536	122264971	435	65.52	1.0711	50
259	HIGD2A	NOP16	HIGD2A_NOP16	chr5	176388287	176389447	0	1160	176388287	176389447	1160	60.95	0.8169	88
260	NCSTN	COPA	NCSTN_COPA	chr1	160343138	160343566	0	428	160343138	160343566	428	63.55	0.8841	38
261	ATP5PB	WDR77	ATP5PB_WDR77	chr1	111448682	111449580	0	898	111448682	111449580	898	62.58	0.7738	68
262	SLC35A5	ATG3	SLC35A5_ATG3	chr3	112561175	112562103	0	928	112561175	112562103	928	65.62	0.892	89
263	ARCN1	IFT46	ARCN1_IFT46	chr11	118572301	118572970	0	669	118572301	118572970	669	67.71	0.6285	48
264	XRCC4	TMEM167A	XRCC4_TMEM167A	chr5	83077283	83077863	0	393	83077283	83077676	393	57.0	0.8773	28
265	TUBA1C	TUBA1A	TUBA1C_TUBA1A	chr12	49188313	49189098	0	785	49188313	49189098	785	63.18	0.8696	67
266	TUFM	SH2B1	TUFM_SH2B1	chr16	28845883	28846818	0	935	28845883	28846818	935	67.27	0.7965	84
267	ISCA2	NPC2	ISCA2_NPC2	chr14	74492977	74494204	0	1227	74492977	74494204	1227	68.46	0.7235	104
268	NOA1	POLR2B	NOA1_POLR2B	chr4	56976468	56977727	0	1259	56976468	56977727	1259	67.12	0.8041	114
269	MAP3K11	PCNX3	MAP3K11_PCNX3	chr11	65615353	65616386	0	1033	65615353	65616386	1033	68.54	0.8024	97
270	DCLRE1A	NHLRC2	DCLRE1A_NHLRC2	chr10	113854383	113855297	63	914	113854446	113855297	851	61.93	0.8868	72
271	EXOSC5	BCKDHA	EXOSC5_BCKDHA	chr19	41397209	41397807	0	396	41397209	41397605	396	63.64	0.7803	31
272	ARMC6	SUGP2	ARMC6_SUGP2	chr19	19033115	19034023	0	908	19033115	19034023	908	74.34	1.0283	129
273	THAP9	SEC31A	THAP9_SEC31A	chr4	82900535	82901166	0	631	82900535	82901166	631	63.07	1.0104	63
274	NUDT5	CDC123	NUDT5_CDC123	chr10	12195833	12196378	0	545	12195833	12196378	545	58.17	1.0002	46
275	ZKSCAN5	ZNF394	ZKSCAN5_ZNF394	chr7	99504531	99505345	0	814	99504531	99505345	814	63.51	0.7682	62
276	PSPH	CCT6A	PSPH_CCT6A	chr7	56051352	56052270	0	918	56051352	56052270	918	70.15	0.9297	105
277	ZBTB8OS	RBBP4	ZBTB8OS_RBBP4	chr1	32650903	32651762	0	859	32650903	32651762	859	68.34	0.9583	96
278	HNRNPK	RMI1	HNRNPK_RMI1	chr9	83979411	83981227	0	1816	83979411	83981227	1816	66.19	0.8931	177
279	ALG2	SEC61B	ALG2_SEC61B	chr9	99221437	99222679	0	1242	99221437	99222679	1242	65.22	0.8564	112
280	NCBP2	NCBP2AS2	NCBP2_NCBP2AS2	chr3	196941824	196943183	0	1359	196941824	196943183	1359	65.86	0.8831	130
281	UBN1	GLYR1	UBN1_GLYR1	chr16	4846605	4848242	0	1637	4846605	4848242	1637	73.73	1.0064	223
282	HARS2	HARS1	HARS2_HARS1	chr5	140691219	140691743	0	524	140691219	140691743	524	65.46	0.8184	45
283	CIAO2A	SNX1	CIAO2A_SNX1	chr15	64093676	64094123	0	447	64093676	64094123	447	58.61	0.8098	31
284	DPH3	OXNAD1	DPH3_OXNAD1	chr3	16264629	16265479	0	850	16264629	16265479	850	61.06	0.8759	69
285	TTC31	CCDC142	TTC31_CCDC142	chr2	74482037	74483408	0	1371	74482037	74483408	1371	65.43	0.7975	117
286	PFAS	CTC1	PFAS_CTC1	chr17	8247617	8248202	2	585	8247619	8248202	583	59.52	0.7167	37
287	ATPSCKMT	CCT5	ATPSCKMT_CCT5	chr5	10249648	10250888	0	341	10249648	10249989	341	59.82	1.0908	32
287	ATPSCKMT	CCT5	ATPSCKMT_CCT5	chr5	10249648	10250888	412	1240	10250060	10250888	828	62.32	0.8583	69
288	MED22	RPL7A	MED22_RPL7A	chr9	133347575	133348905	0	1330	133347575	133348905	1330	66.39	0.7865	115
289	PROSER1	NHLRC3	PROSER1_NHLRC3	chr13	39037551	39038793	0	551	39037551	39038102	551	69.51	0.7983	53
289	PROSER1	NHLRC3	PROSER1_NHLRC3	chr13	39037551	39038793	606	1242	39038157	39038793	636	56.76	0.7448	38
290	EMC1	MRTO4	EMC1_MRTO4	chr1	19251390	19252214	0	824	19251390	19252214	824	67.23	0.8812	82
291	IRGQ	ZNF576	IRGQ_ZNF576	chr19	43595981	43596688	0	707	43595981	43596688	707	64.36	0.8125	59
292	EIF3L	ANKRD54	EIF3L_ANKRD54	chr22	37848867	37849674	44	807	37848911	37849674	763	60.16	0.7858	54
293	PRPF31	TFPT	PRPF31_TFPT	chr19	54115272	54115787	0	515	54115272	54115787	515	58.64	1.0265	45
294	PRADC1	CCT7	PRADC1_CCT7	chr2	73232957	73234739	0	1782	73232957	73234739	1782	64.14	0.8599	157
295	AHSA1	VIPAS39	AHSA1_VIPAS39	chr14	77457527	77458253	0	726	77457527	77458253	726	59.78	0.8125	51
296	WDR20	HSP90AA1	WDR20_HSP90AA1	chr14	102139260	102140640	0	1380	102139260	102140640	1380	67.68	0.719	112
297	METTL25B	ISG20L2	METTL25B_ISG20L2	chr1	156728319	156729124	0	805	156728319	156729124	805	66.21	0.9412	83
298	PAAF1	COA4	PAAF1_COA4	chr11	73876628	73877057	0	429	73876628	73877057	429	64.57	1.0268	45
299	PMS2	AIMP2	PMS2_AIMP2	chr7	6008765	6009624	0	859	6008765	6009624	859	67.17	0.8524	82
300	XPO5	POLH	XPO5_POLH	chr6	43575387	43576339	0	952	43575387	43576339	952	67.96	0.9353	100
301	ANAPC2	SSNA1	ANAPC2_SSNA1	chr9	137188013	137189401	15	1388	137188028	137189401	1373	70.14	0.8512	143
302	SNRNP40	ZCCHC17	SNRNP40_ZCCHC17	chr1	31296399	31297131	0	732	31296399	31297131	732	59.56	0.8474	55
303	ERMAP	SVBP	ERMAP_SVBP	chr1	42816903	42817419	0	516	42816903	42817419	516	75.78	0.7894	58
304	KIN	ATP5F1C	KIN_ATP5F1C	chr10	7787625	7788554	0	929	7787625	7788554	929	68.14	0.7237	77
305	TTI1	RPRD1B	TTI1_RPRD1B	chr20	38033432	38034093	0	661	38033432	38034093	661	67.17	0.9052	67
306	ZFYVE19	DNAJC17	ZFYVE19_DNAJC17	chr15	40807045	40807680	0	635	40807045	40807680	635	65.04	0.8058	54
307	ABHD17B	C9orf85	ABHD17B_C9orf85	chr9	71910595	71911763	0	600	71910595	71911195	600	71.5	0.9183	70
307	ABHD17B	C9orf85	ABHD17B_C9orf85	chr9	71910595	71911763	636	1168	71911231	71911763	532	59.4	0.7464	34
308	RSF1	AAMDC	RSF1_AAMDC	chr11	77820140	77821216	0	1076	77820140	77821216	1076	70.17	0.8164	108
309	PAF1	MED29	PAF1_MED29	chr19	39390692	39391524	0	832	39390692	39391524	832	63.94	0.8561	72
310	INTS13	FGFR1OP2	INTS13_FGFR1OP2	chr12	26938225	26938924	0	699	26938225	26938924	699	65.81	0.8597	65
311	SHC1	CKS1B	SHC1_CKS1B	chr1	154973761	154975010	0	1249	154973761	154975010	1249	56.53	0.9343	89
312	DEDD2	ZNF526	DEDD2_ZNF526	chr19	42220038	42220513	0	475	42220038	42220513	475	66.32	0.8014	41
313	LMF2	NCAPH2	LMF2_NCAPH2	chr22	50507430	50508581	0	1151	50507430	50508581	1151	74.72	0.8313	130
314	RPS16	SUPT5H	RPS16_SUPT5H	chr19	39435584	39436223	0	639	39435584	39436223	639	65.73	0.826	57
315	PIK3C2A	NUCB2	PIK3C2A_NUCB2	chr11	17207464	17208286	0	775	17207464	17208239	775	71.1	0.664	65
316	TDP2	ACOT13	TDP2_ACOT13	chr6	24666310	24667167	0	857	24666310	24667167	857	64.29	0.8629	76
317	RPL9	LIAS	RPL9_LIAS	chr4	39458467	39459191	0	724	39458467	39459191	724	60.08	0.8571	56
318	APTX	DNAJA1	APTX_DNAJA1	chr9	33025084	33025799	0	715	33025084	33025799	715	71.61	0.862	79
319	DENND2B	AKIP1	DENND2B_AKIP1	chr11	8910951	8911747	0	796	8910951	8911747	796	71.11	0.7561	76
320	ZNF740	CSAD	ZNF740_CSAD	chr12	53180241	53181366	0	1125	53180241	53181366	1125	69.78	0.8933	122
321	CPEB3	MARCHF5	CPEB3_MARCHF5	chr10	92290666	92291655	0	989	92290666	92291655	989	70.48	0.8072	99
322	LRRC51	NUMA1	LRRC51_NUMA1	chr11	72080336	72080914	0	578	72080336	72080914	578	63.15	0.8851	51
323	CHCHD4	TMEM43	CHCHD4_TMEM43	chr3	14124217	14125499	0	1282	14124217	14125499	1282	66.15	0.889	123
324	ERP44	INVS	ERP44_INVS	chr9	100098493	100099395	0	902	100098493	100099395	902	64.63	0.7488	70
325	GPR108	TRIP10	GPR108_TRIP10	chr19	6737228	6737924	0	687	6737228	6737915	687	66.08	0.874	64
326	IFT74	PLAA	IFT74_PLAA	chr9	26946849	26947580	0	731	26946849	26947580	731	67.58	0.8634	72
327	PPAT	PAICS	PPAT_PAICS	chr4	56435174	56436504	0	1330	56435174	56436504	1330	66.69	0.8708	128
328	CCND3	TAF8	CCND3_TAF8	chr6	42050357	42050866	0	509	42050357	42050866	509	62.67	0.9606	48
329	SHPK	CTNS	SHPK_CTNS	chr17	3636024	3637190	0	1166	3636024	3637190	1166	70.15	0.7946	114
330	BAG5	COA8	BAG5_COA8	chr14	103561971	103563334	0	1363	103561971	103563334	1363	73.0	0.8877	161
331	RPL35	ARPC5L	RPL35_ARPC5L	chr9	124861278	124862207	0	929	124861278	124862207	929	68.57	0.8971	97
332	CCT4	COMMD1	CCT4_COMMD1	chr2	61888310	61888855	0	545	61888310	61888855	545	67.52	1.0677	65
333	ELF1	WBP4	ELF1_WBP4	chr13	41060036	41061984	0	1948	41060036	41061984	1948	64.68	0.8684	176
334	TRUB2	COQ4	TRUB2_COQ4	chr9	128322262	128323192	0	930	128322262	128323192	930	64.73	0.9567	93
335	TEPSIN	NDUFAF8	TEPSIN_NDUFAF8	chr17	81238616	81239971	0	1355	81238616	81239971	1355	69.37	0.8728	142
336	COA5	UNC50	COA5_UNC50	chr2	98608181	98608859	0	678	98608181	98608859	678	72.27	0.9489	84
337	CEBPZ	NDUFAF7	CEBPZ_NDUFAF7	chr2	37231255	37232056	0	801	37231255	37232056	801	63.05	0.905	72
338	HELQ	MRPS18C	HELQ_MRPS18C	chr4	83455513	83456084	0	571	83455513	83456084	571	59.37	0.8966	45
339	GTF3C1	KATNIP	GTF3C1_KATNIP	chr16	27549688	27550239	0	551	27549688	27550239	551	68.24	0.873	56
340	PARN	BFAR	PARN_BFAR	chr16	14632659	14633509	0	850	14632659	14633509	850	66.47	0.7484	70
341	DIS3	PIBF1	DIS3_PIBF1	chr13	72781565	72782474	0	909	72781565	72782474	909	61.06	0.9444	80
342	NSUN6	ARL5B	NSUN6_ARL5B	chr10	18659184	18659782	0	598	18659184	18659782	598	68.06	1.0241	69
343	GLOD4	MRM3	GLOD4_MRM3	chr17	781910	782748	0	838	781910	782748	838	64.56	0.9742	85
344	TMEM68	TGS1	TMEM68_TGS1	chr8	55772933	55773648	0	715	55772933	55773648	715	69.23	0.9044	77
345	NDUFB1	CPSF2	NDUFB1_CPSF2	chr14	92121205	92122678	0	1473	92121205	92122678	1473	61.03	0.8537	116
346	EIF2B4	SNX17	EIF2B4_SNX17	chr2	27369978	27371232	0	1254	27369978	27371232	1254	68.5	0.8703	128
347	GTPBP2	MAD2L1BP	GTPBP2_MAD2L1BP	chr6	43629053	43629953	0	900	43629053	43629953	900	65.22	0.8468	81
348	EIF3B	SNX8	EIF3B_SNX8	chr7	2353993	2355539	0	1546	2353993	2355539	1546	66.62	0.9846	168
349	XAB2	PET100	XAB2_PET100	chr19	7629209	7629787	0	578	7629209	7629787	578	57.96	0.9021	43
350	THAP5	DNAJB9	THAP5_DNAJB9	chr7	108569340	108570462	0	1122	108569340	108570462	1122	65.69	0.8318	99
351	NUDC	GPATCH3	NUDC_GPATCH3	chr1	26900001	26900518	0	517	26900001	26900518	517	61.7	0.9171	45
352	POLR1A	PTCD3	POLR1A_PTCD3	chr2	86105536	86106527	0	468	86105536	86106004	468	54.49	0.9302	32
352	POLR1A	PTCD3	POLR1A_PTCD3	chr2	86105536	86106527	479	991	86106015	86106527	512	54.88	0.9078	35
353	ZSWIM7	TTC19	ZSWIM7_TTC19	chr17	15999186	16000374	0	1188	15999186	16000374	1188	70.88	0.9385	140
354	TMEM116	ERP29	TMEM116_ERP29	chr12	112013101	112014052	0	951	112013101	112014052	951	67.51	0.87	94
355	NUDT15	SUCLA2	NUDT15_SUCLA2	chr13	48037510	48038132	0	622	48037510	48038132	622	66.56	1.1069	76
356	ANAPC5	RNF34	ANAPC5_RNF34	chr12	121399577	121400593	0	1016	121399577	121400593	1016	67.72	0.8898	103
357	CASP9	DNAJC16	CASP9_DNAJC16	chr1	15526534	15527168	0	634	15526534	15527168	634	65.14	0.8476	57
358	PIGN	RELCH	PIGN_RELCH	chr18	62186744	62188019	0	1275	62186744	62188019	1275	64.39	0.7729	101
359	C4orf33	SCLT1	C4orf33_SCLT1	chr4	129093194	129093744	0	550	129093194	129093744	550	65.82	0.9412	56
360	BRAP	ACAD10	BRAP_ACAD10	chr12	111685442	111686255	0	813	111685442	111686255	813	66.3	0.9184	82
361	SARNP	ORMDL2	SARNP_ORMDL2	chr12	55817541	55818040	0	417	55817541	55817958	417	56.83	0.7251	24
362	UTP15	ANKRA2	UTP15_ANKRA2	chr5	73565134	73565785	0	651	73565134	73565785	651	59.6	0.9771	56
363	ACOX1	TEN1	ACOX1_TEN1	chr17	75978890	75979650	0	760	75978890	75979650	760	67.37	0.8582	74
364	SARS2	MRPS12	SARS2_MRPS12	chr19	38930423	38930975	0	552	38930423	38930975	552	63.22	1.0545	58
365	RPL12	LRSAM1	RPL12_LRSAM1	chr9	127450864	127452056	0	1192	127450864	127452056	1192	63.76	0.8431	102
366	C14orf119	ACIN1	C14orf119_ACIN1	chr14	23094769	23095614	0	845	23094769	23095614	845	61.42	1.0424	82
367	CDC26	PRPF4	CDC26_PRPF4	chr9	113275269	113275949	0	680	113275269	113275949	680	63.97	0.8091	56
368	SLC39A9	ERH	SLC39A9_ERH	chr14	69397996	69398356	0	360	69397996	69398356	360	67.78	1.0701	44
369	HPS5	GTF2H1	HPS5_GTF2H1	chr11	18322078	18322917	0	839	18322078	18322917	839	64.0	0.8846	76
370	RFXANK	BORCS8	RFXANK_BORCS8	chr19	19192045	19192813	0	768	19192045	19192813	768	64.06	0.7137	56
371	DESI1	XRCC6	DESI1_XRCC6	chr22	41620771	41621780	0	1009	41620771	41621780	1009	65.31	0.9413	99
372	BAG4	LSM1	BAG4_LSM1	chr8	38175890	38177125	0	1235	38175890	38177125	1235	64.37	0.7973	102
373	DHRS1	NOP9	DHRS1_NOP9	chr14	24299414	24300158	0	744	24299414	24300158	744	66.94	0.8842	73
374	ROMO1	NFS1	ROMO1_NFS1	chr20	35698899	35699779	0	880	35698899	35699779	880	68.98	0.8804	92
375	ZNF473	VRK3	ZNF473_VRK3	chr19	50024919	50026229	0	886	50024919	50025805	886	61.4	0.8342	68
375	ZNF473	VRK3	ZNF473_VRK3	chr19	50024919	50026229	899	1310	50025818	50026229	411	60.58	0.8698	32
376	USP39	TMEM150A	USP39_TMEM150A	chr2	85602143	85603196	0	1006	85602143	85603149	1006	70.58	0.8062	101
377	ZMAT5	UQCR10	ZMAT5_UQCR10	chr22	29766847	29767368	0	387	29766847	29767234	387	56.59	0.8812	27
378	UROD	HECTD3	UROD_HECTD3	chr1	45010553	45011350	0	797	45010553	45011350	797	70.89	0.7795	78
379	ITGB1BP1	CPSF3	ITGB1BP1_CPSF3	chr2	9422997	9424153	0	1156	9422997	9424153	1156	67.13	0.9067	118
380	TMA7	CCDC51	TMA7_CCDC51	chr3	48440004	48440756	0	752	48440004	48440756	752	63.56	0.8134	61
381	XPC	LSM3	XPC_LSM3	chr3	14178215	14178908	0	693	14178215	14178908	693	65.8	1.0151	76
382	PDAP1	BUD31	PDAP1_BUD31	chr7	99408161	99409236	0	1075	99408161	99409236	1075	64.65	0.8279	93
383	CBX5	HNRNPA1	CBX5_HNRNPA1	chr12	54279538	54281204	0	870	54279538	54280408	870	56.09	0.8518	55
383	CBX5	HNRNPA1	CBX5_HNRNPA1	chr12	54279538	54281204	926	1666	54280464	54281204	740	52.43	0.9045	46
384	ATP5MK	PDCD11	ATP5MK_PDCD11	chr10	103396063	103396727	0	664	103396063	103396727	664	61.45	0.9094	56
385	ATP6V1D	EIF2S1	ATP6V1D_EIF2S1	chr14	67359422	67360809	0	1387	67359422	67360809	1387	57.32	0.8515	97
386	HOOK3	RNF170	HOOK3_RNF170	chr8	42896069	42897989	0	1920	42896069	42897989	1920	73.18	1.0303	262
387	RAB24	PRELID1	RAB24_PRELID1	chr5	177303030	177304129	0	1099	177303030	177304129	1099	69.7	0.9466	126
388	ZNF655	FAM200A	ZNF655_FAM200A	chr7	99558248	99559346	14	1098	99558262	99559346	1084	65.68	0.757	88
389	TUBE1	FAM229B	TUBE1_FAM229B	chr6	112087203	112087707	0	504	112087203	112087707	504	63.29	0.9708	49
390	NSA2	GFM2	NSA2_GFM2	chr5	74766741	74767400	0	659	74766741	74767400	659	59.94	0.9468	56
391	ZSCAN32	ZNF174	ZSCAN32_ZNF174	chr16	3400716	3401667	0	951	3400716	3401667	951	70.03	0.9013	105
392	CORO7	DNAJA3	CORO7_DNAJA3	chr16	4425428	4426329	0	901	4425428	4426329	901	63.71	0.9673	88
393	NDUFB3	HYCC2	NDUFB3_HYCC2	chr2	201071301	201071671	0	370	201071301	201071671	370	66.76	0.8318	29
394	CCDC77	KDM5A	CCDC77_KDM5A	chr12	388932	389371	0	439	388932	389371	439	61.28	0.9024	37
395	ACYP2	PSME4	ACYP2_PSME4	chr2	53970511	53971353	0	842	53970511	53971353	842	74.47	0.8325	96
396	C11orf68	DRAP1	C11orf68_DRAP1	chr11	65918816	65920083	0	1267	65918816	65920083	1267	75.37	0.8956	161
397	GDAP2	WDR3	GDAP2_WDR3	chr1	117929217	117930097	0	880	117929217	117930097	880	64.2	0.805	73
398	POLDIP2	TMEM199	POLDIP2_TMEM199	chr17	28357139	28357852	0	713	28357139	28357852	713	72.09	0.8462	78
399	DTYMK	ING5	DTYMK_ING5	chr2	241686546	241687305	0	759	241686546	241687305	759	74.84	1.0351	110
400	SDF2	SUPT6H	SDF2_SUPT6H	chr17	28661703	28662373	0	670	28661703	28662373	670	59.25	0.9863	58
401	AKR7A2	SLC66A1	AKR7A2_SLC66A1	chr1	19311713	19312815	0	1102	19311713	19312815	1102	74.14	0.8558	129
402	TRIM35	PTK2B	TRIM35_PTK2B	chr8	27310688	27311565	0	877	27310688	27311565	877	70.47	0.8229	89
403	TMEM39A	POGLUT1	TMEM39A_POGLUT1	chr3	119468830	119469461	0	631	119468830	119469461	631	69.1	0.7527	56
404	NDUFS1	EEF1B2	NDUFS1_EEF1B2	chr2	206159186	206160257	0	1071	206159186	206160257	1071	62.09	0.9117	94
405	EIF3E	EMC2	EIF3E_EMC2	chr8	108443371	108444034	0	663	108443371	108444034	663	65.31	0.8208	58
406	TPR	ODR4	TPR_ODR4	chr1	186374992	186375837	0	845	186374992	186375837	845	64.85	0.8238	73
407	ALKBH4	LRWD1	ALKBH4_LRWD1	chr7	102464676	102465335	0	659	102464676	102465335	659	73.14	0.9425	83
408	FOXRED1	SRPRA	FOXRED1_SRPRA	chr11	126268464	126269271	0	807	126268464	126269271	807	65.68	0.9322	78
409	POLR2L	TSPAN4	POLR2L_TSPAN4	chr11	842293	843396	0	1103	842293	843396	1103	75.97	0.9316	148
410	ZNF106	SNAP23	ZNF106_SNAP23	chr15	42490761	42491232	0	471	42490761	42491232	471	64.12	0.8842	41
411	MRPL50	ZNF189	MRPL50_ZNF189	chr9	101398571	101399246	0	675	101398571	101399246	675	63.7	0.7186	49
412	OSGEP	APEX1	OSGEP_APEX1	chr14	20454581	20455864	0	1283	20454581	20455864	1283	57.37	0.8318	87
413	TXNL4A	RBFA	TXNL4A_RBFA	chr18	80033336	80034761	0	1425	80033336	80034761	1425	71.58	1.0444	179
414	GUCD1	SNRPD3	GUCD1_SNRPD3	chr22	24554830	24556106	0	1276	24554830	24556106	1276	66.69	0.7631	108
415	L3HYPDH	JKAMP	L3HYPDH_JKAMP	chr14	59483742	59484809	0	1067	59483742	59484809	1067	69.07	0.9198	117
416	PIGP	TTC3	PIGP_TTC3	chr21	37072560	37074197	0	1637	37072560	37074197	1637	70.25	0.8963	181
417	LRRC41	UQCRH	LRRC41_UQCRH	chr1	46301753	46303697	87	1944	46301840	46303697	1857	67.74	0.8014	163
418	STYXL1	MDH2	STYXL1_MDH2	chr7	76047723	76048449	7	726	76047730	76048449	719	70.24	0.6584	58
419	TMEM59	TCEANC2	TMEM59_TCEANC2	chr1	54052928	54053626	0	698	54052928	54053626	698	64.47	0.7601	55
420	RNMT	FAM210A	RNMT_FAM210A	chr18	13725980	13727371	0	1391	13725980	13727371	1391	65.49	0.8986	134
421	FAM200B	FBXL5	FAM200B_FBXL5	chr4	15681354	15681978	0	624	15681354	15681978	624	64.26	0.7964	51
422	DNAJC30	BUD23	DNAJC30_BUD23	chr7	73682796	73683850	0	1054	73682796	73683850	1054	65.18	0.9783	108
423	RWDD4	TRAPPC11	RWDD4_TRAPPC11	chr4	183658768	183659491	0	723	183658768	183659491	723	74.27	0.8615	85
424	EXOSC1	ZDHHC16	EXOSC1_ZDHHC16	chr10	97445719	97446517	0	798	97445719	97446517	798	63.16	0.8173	65
425	USO1	G3BP2	USO1_G3BP2	chr4	75724354	75725273	0	919	75724354	75725273	919	66.05	0.7611	76
426	LIG4	ABHD13	LIG4_ABHD13	chr13	108218154	108218980	0	826	108218154	108218980	826	71.43	0.8672	90
427	HMGB1	USPL1	HMGB1_USPL1	chr13	30617374	30618052	0	678	30617374	30618052	678	67.7	0.922	71
428	WDR4	NDUFV3	WDR4_NDUFV3	chr21	42879001	42879698	0	697	42879001	42879698	697	69.44	0.9302	78
429	THOC6	HCFC1R1	THOC6_HCFC1R1	chr16	3023877	3024442	0	565	3023877	3024442	565	68.5	0.9339	58
430	FKBP15	SLC31A1	FKBP15_SLC31A1	chr9	113221139	113221778	0	639	113221139	113221778	639	64.48	0.9104	60
431	IKZF5	ACADSB	IKZF5_ACADSB	chr10	123008242	123009381	0	1139	123008242	123009381	1139	67.43	0.7657	99
432	HEATR5B	GPATCH11	HEATR5B_GPATCH11	chr2	37083929	37084750	0	821	37083929	37084750	821	62.24	0.9093	72
433	CRELD2	ALG12	CRELD2_ALG12	chr22	49918120	49918651	0	531	49918120	49918651	531	73.07	0.9594	68
434	TMEM258	FEN1	TMEM258_FEN1	chr11	61792435	61793077	0	642	61792435	61793077	642	65.89	0.8146	56
435	CNOT7	VPS37A	CNOT7_VPS37A	chr8	17246555	17247354	0	783	17246555	17247338	783	70.5	0.8236	80
436	COG4	SF3B3	COG4_SF3B3	chr16	70523186	70523790	0	502	70523186	70523688	502	54.98	0.8472	31
437	LRRC57	HAUS2	LRRC57_HAUS2	chr15	42548264	42548918	0	654	42548264	42548918	654	68.2	0.9156	68
438	ELP1	ABITRAM	ELP1_ABITRAM	chr9	108933790	108934676	0	886	108933790	108934676	886	66.14	0.8669	84
439	PLAGL2	POFUT1	PLAGL2_POFUT1	chr20	32207479	32208038	0	559	32207479	32208038	559	79.96	0.9762	87
440	DROSHA	C5orf22	DROSHA_C5orf22	chr5	31532003	31532430	0	427	31532003	31532430	427	63.0	0.9917	42
441	FAU	MRPL49	FAU_MRPL49	chr11	65121664	65122459	0	795	65121664	65122459	795	62.64	0.9067	70
442	TAX1BP3	EMC6	TAX1BP3_EMC6	chr17	3667930	3669324	0	1394	3667930	3669324	1394	69.66	0.8812	149
443	MRPL46	MRPS11	MRPL46_MRPS11	chr15	88467213	88468001	0	788	88467213	88468001	788	60.15	0.7913	56
444	FAM227B	DTWD1	FAM227B_DTWD1	chr15	49620788	49621285	0	497	49620788	49621285	497	68.61	0.925	54
445	KIAA1328	TPGS2	KIAA1328_TPGS2	chr18	36828595	36829326	0	731	36828595	36829326	731	73.19	0.9004	88
446	L2HGDH	DMAC2L	L2HGDH_DMAC2L	chr14	50311962	50312826	0	864	50311962	50312826	864	70.6	0.8716	93
447	RMND1	ARMT1	RMND1_ARMT1	chr6	151451908	151452935	0	1027	151451908	151452935	1027	62.41	0.963	96
448	NSL1	TATDN3	NSL1_TATDN3	chr1	212791524	212792005	0	481	212791524	212792005	481	64.24	0.9068	45
449	MVK	MMAB	MVK_MMAB	chr12	109573189	109573794	0	605	109573189	109573794	605	64.46	0.8476	53
450	PSMA2	MRPL32	PSMA2_MRPL32	chr7	42932035	42932700	0	665	42932035	42932700	665	59.1	0.8614	50
451	NIFK	TSN	NIFK_TSN	chr2	121736532	121737343	0	811	121736532	121737343	811	69.05	0.995	93
452	EIF1AD	BANF1	EIF1AD_BANF1	chr11	66001926	66002831	0	905	66001926	66002831	905	64.97	0.9201	86
453	YAF2	PPHLN1	YAF2_PPHLN1	chr12	42237422	42238817	0	1395	42237422	42238817	1395	73.76	0.9087	172
454	LNX2	POLR1D	LNX2_POLR1D	chr13	27620046	27622112	0	2066	27620046	27622112	2066	70.14	0.7993	203
455	NUFIP1	GPALPP1	NUFIP1_GPALPP1	chr13	44989153	44989867	0	714	44989153	44989867	714	64.99	0.8574	64
456	SLC39A6	ELP2	SLC39A6_ELP2	chr18	36128956	36130273	0	1317	36128956	36130273	1317	67.81	0.8325	126
457	KCTD10	UBE3B	KCTD10_UBE3B	chr12	109477326	109477833	0	507	109477326	109477833	507	65.68	0.8117	44
458	ATPAF2	GID4	ATPAF2_GID4	chr17	18038884	18040181	0	1297	18038884	18040181	1297	72.17	0.8776	146
459	MRPL36	NDUFS6	MRPL36_NDUFS6	chr5	1799347	1801791	0	791	1799347	1800138	791	68.65	0.8644	80
459	MRPL36	NDUFS6	MRPL36_NDUFS6	chr5	1799347	1801791	887	1334	1800234	1800681	447	52.8	0.7367	22
459	MRPL36	NDUFS6	MRPL36_NDUFS6	chr5	1799347	1801791	1606	2444	1800953	1801791	838	62.65	0.9252	76
460	PHB2	EMG1	PHB2_EMG1	chr12	6970337	6970966	0	629	6970337	6970966	629	63.28	0.8265	52
461	RRP12	PGAM1	RRP12_PGAM1	chr10	97426021	97426537	0	516	97426021	97426537	516	72.87	1.0389	70
462	TUBD1	RPS6KB1	TUBD1_RPS6KB1	chr17	59892681	59893660	160	979	59892841	59893660	819	63.49	0.8107	65
463	CCDC127	SDHA	CCDC127_SDHA	chr5	217921	219013	0	1092	217921	219013	1092	74.91	0.8586	131
464	ZNF721	PIGG	ZNF721_PIGG	chr4	499050	499590	0	540	499050	499590	540	68.52	1.0892	69
465	LMBRD2	SKP2	LMBRD2_SKP2	chr5	36151395	36152277	0	882	36151395	36152277	882	64.4	0.9295	85
466	TWNK	MRPL43	TWNK_MRPL43	chr10	100986776	100987744	0	968	100986776	100987744	968	65.7	0.9261	96
467	PTPA	CRAT	PTPA_CRAT	chr9	129110345	129111627	0	1282	129110345	129111627	1282	68.8	0.8955	135
468	TECPR1	BRI3	TECPR1_BRI3	chr7	98251820	98252594	0	774	98251820	98252594	774	71.58	0.8238	81
469	PFDN2	NIT1	PFDN2_NIT1	chr1	161117932	161118322	0	390	161117932	161118322	390	68.72	0.961	44
470	TRAPPC2	OFD1	TRAPPC2_OFD1	chrX	13734322	13735217	0	895	13734322	13735217	895	63.8	0.8455	77
471	RSRC2	KNTC1	RSRC2_KNTC1	chr12	122526714	122527245	0	531	122526714	122527245	531	56.12	1.0571	44
472	LSM5	AVL9	LSM5_AVL9	chr7	32495283	32495928	0	645	32495283	32495928	645	73.02	0.7767	65
473	DDX54	RITA1	DDX54_RITA1	chr12	113184956	113186126	0	1170	113184956	113186126	1170	69.57	0.8123	115
474	CCDC82	JRKL	CCDC82_JRKL	chr11	96389372	96390423	0	1051	96389372	96390423	1051	63.94	0.7361	79
475	TBC1D8	CNOT11	TBC1D8_CNOT11	chr2	101252561	101253540	0	979	101252561	101253540	979	71.6	0.923	115
476	FBXO8	CEP44	FBXO8_CEP44	chr4	174283414	174284244	0	830	174283414	174284244	830	56.39	0.8507	56
477	MCEE	MPHOSPH10	MCEE_MPHOSPH10	chr2	71130057	71130822	0	765	71130057	71130822	765	64.05	0.959	75
478	TRIAP1	GATC	TRIAP1_GATC	chr12	120446244	120446900	0	656	120446244	120446900	656	66.01	0.983	70
479	SIRT3	PSMD13	SIRT3_PSMD13	chr11	235918	237290	0	1372	235918	237290	1372	66.62	0.8477	128
480	PDCD10	SERPINI1	PDCD10_SERPINI1	chr3	167734588	167735242	0	608	167734588	167735196	608	62.5	0.7424	44
481	SKIC3	ARSK	SKIC3_ARSK	chr5	95554703	95555465	0	762	95554703	95555465	762	60.76	0.8677	61
482	RRP8	ILK	RRP8_ILK	chr11	6603322	6603843	0	521	6603322	6603843	521	69.87	0.9343	59
483	CPSF7	SDHAF2	CPSF7_SDHAF2	chr11	61429449	61430225	0	776	61429449	61430225	776	72.81	0.9518	95
484	RECQL5	SAP30BP	RECQL5_SAP30BP	chr17	75666919	75667548	0	629	75666919	75667548	629	59.62	0.913	51
485	SLC38A6	TRMT5	SLC38A6_TRMT5	chr14	60980945	60981423	0	478	60980945	60981423	478	63.81	0.9257	45
486	IFT20	TNFAIP1	IFT20_TNFAIP1	chr17	28335045	28336022	0	977	28335045	28336022	977	66.63	0.7285	79
487	CGGBP1	C3orf38	CGGBP1_C3orf38	chr3	88149364	88150363	93	999	88149457	88150363	906	58.94	0.7509	59
488	MCM3AP	YBEY	MCM3AP_YBEY	chr21	46285713	46286697	0	984	46285713	46286697	984	70.43	0.9742	115
489	GBA2	RGP1	GBA2_RGP1	chr9	35748656	35749286	0	630	35748656	35749286	630	70.79	0.8013	63
490	WDR7	TXNL1	WDR7_TXNL1	chr18	56651225	56651600	0	375	56651225	56651600	375	61.6	0.8433	30
491	PALB2	DCTN5	PALB2_DCTN5	chr16	23641066	23641597	0	531	23641066	23641597	531	66.85	0.8604	51
492	TCP1	MRPL18	TCP1_MRPL18	chr6	159788909	159790983	0	2074	159788909	159790983	2074	61.23	0.9197	177
493	JMJD6	METTL23	JMJD6_METTL23	chr17	76725949	76727338	0	1389	76725949	76727338	1389	69.62	0.907	152
494	ZZEF1	CYB5D2	ZZEF1_CYB5D2	chr17	4142498	4143197	0	699	4142498	4143197	699	70.82	0.9573	83
495	RHOF	SETD1B	RHOF_SETD1B	chr12	121799916	121805484	0	1622	121799916	121801538	1622	72.56	0.7823	167
495	RHOF	SETD1B	RHOF_SETD1B	chr12	121799916	121805484	2919	5568	121802835	121805484	2649	67.46	0.7997	241
496	UIMC1	ZNF346	UIMC1_ZNF346	chr5	177022498	177023114	0	616	177022498	177023114	616	69.48	0.8928	66
497	NPIPB2	SNX29	NPIPB2_SNX29	chr16	11976400	11977013	0	613	11976400	11977013	613	72.27	0.8728	69
498	PCSK7	RNF214	PCSK7_RNF214	chr11	117232057	117233225	0	1168	117232057	117233225	1168	72.95	0.8051	125
499	DIMT1	IPO11	DIMT1_IPO11	chr5	62403523	62404050	0	527	62403523	62404050	527	70.59	0.8756	57
500	FUBP1	DNAJB4	FUBP1_DNAJB4	chr1	77978619	77979597	0	978	77978619	77979597	978	56.65	1.0146	79
501	C17orf75	ZNF207	C17orf75_ZNF207	chr17	32349982	32350441	0	459	32349982	32350441	459	57.95	0.8441	32
502	SRSF7	GEMIN6	SRSF7_GEMIN6	chr2	38750393	38751542	0	1149	38750393	38751542	1149	62.66	1.0356	116
503	PGAP2	NUP98	PGAP2_NUP98	chr11	3797217	3798077	0	860	3797217	3798077	860	69.88	0.9433	99
504	ERAL1	FAM222B	ERAL1_FAM222B	chr17	28854961	28855301	0	340	28854961	28855301	340	63.53	0.8456	29
505	FBXL12	UBL5	FBXL12_UBL5	chr19	9827649	9828139	0	490	9827649	9828139	490	66.73	0.8074	44
506	MRPL47	NDUFB5	MRPL47_NDUFB5	chr3	179604558	179605000	0	442	179604558	179605000	442	59.28	0.8775	34
507	NUDT22	TRPT1	NUDT22_TRPT1	chr11	64225940	64226362	15	422	64225955	64226362	407	71.25	0.8023	41
508	XRCC3	ZFYVE21	XRCC3_ZFYVE21	chr14	103715041	103716615	0	1574	103715041	103716615	1574	75.67	0.8969	202
509	RECQL	GOLT1B	RECQL_GOLT1B	chr12	21501669	21502022	0	353	21501669	21502022	353	61.47	0.8778	29
510	TMEM203	NDOR1	TMEM203_NDOR1	chr9	137204869	137206013	0	1144	137204869	137206013	1144	68.18	0.888	118
511	GALK2	COPS2	GALK2_COPS2	chr15	49155142	49155870	0	728	49155142	49155870	728	61.81	0.7358	51
512	GAK	TMEM175	GAK_TMEM175	chr4	931792	932700	0	908	931792	932700	908	71.7	1.0011	114
513	COMMD6	UCHL3	COMMD6_UCHL3	chr13	75549302	75550132	0	830	75549302	75550132	830	61.81	0.9181	72
514	RPL18	SPHK2	RPL18_SPHK2	chr19	48619020	48619666	0	646	48619020	48619666	646	66.1	0.9514	67
515	ALKBH1	SLIRP	ALKBH1_SLIRP	chr14	77707711	77708207	0	496	77707711	77708207	496	60.48	1.0363	47
516	EXOC5	AP5M1	EXOC5_AP5M1	chr14	57268388	57268986	0	598	57268388	57268986	598	70.9	0.883	64
517	XRRA1	SPCS2	XRRA1_SPCS2	chr11	74948886	74949328	0	442	74948886	74949328	442	65.61	1.0722	51
518	KIAA0586	TIMM9	KIAA0586_TIMM9	chr14	58426900	58427531	0	405	58426900	58427305	405	58.02	0.8801	30
519	BBOF1	ENTPD5	BBOF1_ENTPD5	chr14	74018622	74019653	0	1031	74018622	74019653	1031	69.84	0.8754	110
520	ATP6V1E1	BCL2L13	ATP6V1E1_BCL2L13	chr22	17628366	17628906	0	540	17628366	17628906	540	61.85	0.7752	40
521	SRRD	HPS4	SRRD_HPS4	chr22	26483492	26484068	0	576	26483492	26484068	576	73.44	0.9299	72
522	MARF1	NDE1	MARF1_NDE1	chr16	15642949	15643300	0	351	15642949	15643300	351	74.64	0.975	43
523	TAF5L	URB2	TAF5L_URB2	chr1	229625381	229626552	0	1086	229625381	229626467	1086	76.52	0.9628	148
524	CIAPIN1	COQ9	CIAPIN1_COQ9	chr16	57447083	57447754	0	671	57447083	57447754	671	70.79	0.8365	69
525	PSME3IP1	RSPRY1	PSME3IP1_RSPRY1	chr16	57185574	57186671	0	1097	57185574	57186671	1097	63.54	0.8326	92
526	PIGB	RAB27A	PIGB_RAB27A	chr15	55318887	55319410	0	523	55318887	55319410	523	59.27	0.9162	42
527	MTX1	THBS3	MTX1_THBS3	chr1	155208694	155209168	0	474	155208694	155209168	474	72.57	0.7693	47
528	ATG9A	ANKZF1	ATG9A_ANKZF1	chr2	219229250	219229975	0	725	219229250	219229975	725	68.41	1.0143	86
529	NEDD8	GMPR2	NEDD8_GMPR2	chr14	24232367	24232786	0	419	24232367	24232786	419	60.62	0.7817	30
530	PSMA7	SS18L1	PSMA7_SS18L1	chr20	62142542	62144611	0	2069	62142542	62144611	2069	76.95	1.0188	312
531	ARFIP2	TIMM10B	ARFIP2_TIMM10B	chr11	6481193	6481697	0	504	6481193	6481697	504	64.68	1.0282	54
532	DOLK	NUP188	DOLK_NUP188	chr9	128947074	128948285	0	1211	128947074	128948285	1211	68.29	0.8748	123
533	NAT9	TMEM104	NAT9_TMEM104	chr17	74776105	74776553	0	448	74776105	74776553	448	70.31	0.9149	49
534	NSMCE2	WASHC5	NSMCE2_WASHC5	chr8	125091518	125091880	0	362	125091518	125091880	362	70.99	0.8588	39
535	RPUSD4	FAM118B	RPUSD4_FAM118B	chr11	126211474	126212133	0	659	126211474	126212133	659	64.04	0.8757	59
536	SETD3	CCNK	SETD3_CCNK	chr14	99479824	99481851	0	2027	99479824	99481851	2027	70.25	0.9038	226
537	C2orf76	DBI	C2orf76_DBI	chr2	119366665	119367711	0	1046	119366665	119367711	1046	66.44	0.7384	85
538	MRE11	ANKRD49	MRE11_ANKRD49	chr11	94493506	94494246	0	740	94493506	94494246	740	60.68	0.8231	56
539	TK2	CKLF	TK2_CKLF	chr16	66552365	66552816	0	451	66552365	66552816	451	63.64	1.0487	47
540	C1orf131	GNPAT	C1orf131_GNPAT	chr1	231241050	231241497	0	447	231241050	231241497	447	66.22	0.8381	41
541	IDH1	PIKFYVE	IDH1_PIKFYVE	chr2	208266024	208266412	0	388	208266024	208266412	388	68.56	0.8665	39
542	TAF11	ANKS1A	TAF11_ANKS1A	chr6	34889049	34889887	0	838	34889049	34889887	838	73.15	0.7626	84
543	ELMOD3	RETSAT	ELMOD3_RETSAT	chr2	85354393	85354840	0	447	85354393	85354840	447	59.73	0.7311	29
544	RNF167	SLC25A11	RNF167_SLC25A11	chr17	4939563	4940341	0	778	4939563	4940341	778	64.52	0.9887	80
545	HEXD	OGFOD3	HEXD_OGFOD3	chr17	82418203	82418885	0	682	82418203	82418885	682	79.18	0.9209	98
546	FAM114A2	MFAP3	FAM114A2_MFAP3	chr5	154038623	154039109	0	486	154038623	154039109	486	64.2	1.0035	50
547	TPRA1	MCM2	TPRA1_MCM2	chr3	127598141	127598688	0	547	127598141	127598688	547	70.75	0.8912	61
548	TSPYL4	DSE	TSPYL4_DSE	chr6	116253743	116254204	0	461	116253743	116254204	461	63.77	0.8761	41
549	CNTROB	TRAPPC1	CNTROB_TRAPPC1	chr17	7931853	7932251	0	398	7931853	7932251	398	68.34	0.8609	40
550	ZNF345	ZNF790	ZNF345_ZNF790	chr19	36850016	36851098	0	359	36850016	36850375	359	64.07	0.7077	26
550	ZNF345	ZNF790	ZNF345_ZNF790	chr19	36850016	36851098	658	1082	36850674	36851098	424	59.43	0.7811	28
551	AGPS	NFE2L2	AGPS_NFE2L2	chr2	177392499	177393164	0	665	177392499	177393164	665	72.03	0.9402	79
552	ATG2B	GSKIP	ATG2B_GSKIP	chr14	96363129	96363997	0	868	96363129	96363997	868	72.81	0.8888	101
553	RNF41	NABP2	RNF41_NABP2	chr12	56221739	56222014	0	275	56221739	56222014	275	66.55	0.7676	23
554	ANKRD11	SPG7	ANKRD11_SPG7	chr16	89489407	89491345	0	1938	89489407	89491345	1938	74.15	0.9092	239
555	TIMM8B	SDHD	TIMM8B_SDHD	chr11	112086628	112086957	0	329	112086628	112086957	329	62.61	0.9335	30
556	IMMP1L	ELP4	IMMP1L_ELP4	chr11	31509584	31509954	0	370	31509584	31509954	370	60.54	0.9937	33
557	DDX19B	AARS1	DDX19B_AARS1	chr16	70289224	70289707	0	483	70289224	70289707	483	65.42	0.819	41
558	PTPMT1	CELF1	PTPMT1_CELF1	chr11	47565296	47566056	0	760	47565296	47566056	760	73.68	0.8458	87
559	RNF25	STK36	RNF25_STK36	chr2	218671687	218672090	0	403	218671687	218672090	403	64.27	0.7775	31
560	MCMBP	SEC23IP	MCMBP_SEC23IP	chr10	119892491	119892995	0	504	119892491	119892995	504	64.29	0.9231	48
561	ATP5F1A	HAUS1	ATP5F1A_HAUS1	chr18	46104147	46104881	0	734	46104147	46104881	734	61.72	0.8156	57
562	GATM	SPATA5L1	GATM_SPATA5L1	chr15	45402212	45403596	0	1384	45402212	45403596	1384	70.45	0.9086	156
563	HNRNPDL	ENOPH1	HNRNPDL_ENOPH1	chr4	82428900	82431306	0	2406	82428900	82431306	2406	67.87	0.926	256
564	LZIC	NMNAT1	LZIC_NMNAT1	chr1	9943107	9943527	0	420	9943107	9943527	420	68.57	0.7986	39
565	INTS11	CPTP	INTS11_CPTP	chr1	1324263	1325255	0	988	1324263	1325251	988	75.4	0.8698	122
566	MRM2	NUDT1	MRM2_NUDT1	chr7	2241727	2242470	0	743	2241727	2242470	743	73.76	0.7726	78
567	LRRC40	SRSF11	LRRC40_SRSF11	chr1	70205500	70205759	0	259	70205500	70205759	259	67.18	0.9593	28
568	YIPF2	TIMM29	YIPF2_TIMM29	chr19	10928280	10929609	0	1329	10928280	10929609	1329	69.9	0.8935	145
569	MITD1	MRPL30	MITD1_MRPL30	chr2	99180885	99181160	0	275	99180885	99181160	275	58.55	0.849	20
570	ANKRD16	FBH1	ANKRD16_FBH1	chr10	5888951	5890674	0	1723	5888951	5890674	1723	75.8	0.8805	217
571	CIAO2B	CES2	CIAO2B_CES2	chr16	66934126	66935021	0	895	66934126	66935021	895	66.7	0.9159	91
572	PREPL	CAMKMT	PREPL_CAMKMT	chr2	44361815	44362219	0	404	44361815	44362219	404	68.56	0.8674	40
573	FBXO45	WDR53	FBXO45_WDR53	chr3	196568470	196569419	0	949	196568470	196569419	949	73.76	0.934	120
574	ELOC	TMEM70	ELOC_TMEM70	chr8	73971999	73972436	0	437	73971999	73972436	437	63.84	0.9086	39
575	ACACA	TADA2A	ACACA_TADA2A	chr17	37406724	37406967	0	243	37406724	37406967	243	81.07	1.1423	44
576	ACY1	ABHD14B	ACY1_ABHD14B	chr3	51983040	51983576	0	536	51983040	51983576	536	72.95	0.8616	61
577	CHMP1A	SPATA33	CHMP1A_SPATA33	chr16	89656784	89658228	0	1444	89656784	89658228	1444	71.68	0.8742	155
578	ENTR1	PMPCA	ENTR1_PMPCA	chr9	136410015	136411343	0	1328	136410015	136411343	1328	69.88	0.907	147
579	RMDN1	CPNE3	RMDN1_CPNE3	chr8	86514331	86515044	0	713	86514331	86515044	713	71.53	0.7239	66
580	LSM7	SPPL2B	LSM7_SPPL2B	chr19	2328365	2329090	0	725	2328365	2329090	725	70.21	1.0089	89
581	NPRL2	CYB561D2	NPRL2_CYB561D2	chr3	50350528	50351250	0	722	50350528	50351250	722	64.82	0.8454	64
582	MMUT	CENPQ	MMUT_CENPQ	chr6	49463221	49463423	0	202	49463221	49463423	202	60.4	1.1002	20
583	GMFG	SAMD4B	GMFG_SAMD4B	chr19	39341858	39343033	0	1175	39341858	39343033	1175	76.6	0.8771	151
584	WDR46	PFDN6	WDR46_PFDN6	chr6	33288762	33289301	0	539	33288762	33289301	539	59.0	0.7651	35
585	FAHD1	HAGH	FAHD1_HAGH	chr16	1826112	1827632	0	1520	1826112	1827632	1520	74.14	0.9645	201
586	CINP	TECPR2	CINP_TECPR2	chr14	102362819	102363536	0	717	102362819	102363536	717	74.2	0.9649	91
587	THAP4	ATG4B	THAP4_ATG4B	chr2	241636291	241638148	0	1857	241636291	241638148	1857	75.98	1.0307	276
588	GTF2H3	EIF2B1	GTF2H3_EIF2B1	chr12	123633550	123633932	0	382	123633550	123633932	382	69.9	0.9312	43
589	TSR3	GNPTG	TSR3_GNPTG	chr16	1351333	1352347	0	1014	1351333	1352347	1014	75.25	0.8871	127
590	TUBB	MDC1	TUBB_MDC1	chr6	30717059	30717726	0	667	30717059	30717726	667	59.97	0.8708	52
591	MST1	RNF123	MST1_RNF123	chr3	49689501	49689907	0	406	49689501	49689907	406	69.46	0.8556	40
592	PRKDC	MCM4	PRKDC_MCM4	chr8	47959898	47960278	0	380	47959898	47960278	380	75.26	0.8955	48
593	DHX57	MORN2	DHX57_MORN2	chr2	38875520	38876073	17	553	38875537	38876073	536	64.93	0.6916	39
594	AREL1	FCF1	AREL1_FCF1	chr14	74712926	74713172	0	246	74712926	74713172	246	62.2	0.799	19
595	MINDY1	PRUNE1	MINDY1_PRUNE1	chr1	151008259	151008616	0	357	151008259	151008616	357	68.91	0.9964	42
596	GGCX	VAMP8	GGCX_VAMP8	chr2	85561288	85561616	0	328	85561288	85561616	328	70.43	0.9111	37
597	TRADD	FBXL8	TRADD_FBXL8	chr16	67159643	67160136	0	493	67159643	67160136	493	72.41	0.8673	55
598	MAN2B1	WDR83	MAN2B1_WDR83	chr19	12666516	12666824	0	308	12666516	12666824	308	73.38	0.7478	31
599	STX10	IER2	STX10_IER2	chr19	13149748	13154110	0	1765	13149748	13151513	1765	64.48	0.6714	122
599	STX10	IER2	STX10_IER2	chr19	13149748	13154110	1853	2784	13151601	13152532	931	63.8	0.8134	77
599	STX10	IER2	STX10_IER2	chr19	13149748	13154110	3010	4362	13152758	13154110	1352	69.23	0.8642	140
